"Analysis","SNP","CHR","BP","P","BETA"
"PC1","rs11247683",1,27974294,1.565e-24,0.1143
"PC1","rs16857866",2,11828169,1.098e-27,0.1475
"PC1","rs7355960",3,180566740,3.833e-28,0.1372
"PC1","rs335339",4,62013467,5.785e-28,0.1614
"PC1","rs291799",5,96767581,5.556e-27,0.1781
"PC1","rs9328202",6,3832338,1.995e-22,0.1109
"PC1","rs887809",7,54990148,1.18e-18,0.1361
"PC1","rs2729990",8,34100540,1.593e-18,0.1364
"PC1","rs1024277",9,133236046,2.648e-16,0.106
"PC1","rs10788091",10,122212305,3.584e-17,0.1213
"PC1","rs10466604",11,124159136,1.425e-27,0.1064
"PC1","rs7314936",12,75192495,9.679e-18,0.1512
"PC1","rs11148886",13,71178521,1.205e-20,0.08622
"PC1","rs10132191",14,47691249,1.96e-18,0.1459
"PC1","rs1841575",15,51886958,8.707e-25,0.1497
"PC1","rs4122247",16,48033673,4.446e-22,0.1673
"PC1","rs16966913",17,65088075,2.58e-22,0.1621
"PC1","rs1304551",18,48566472,1.208e-19,0.122
"PC1","rs2965157",19,49868180,2.213e-16,0.1195
"PC1","rs16984418",20,58881162,5.352e-20,0.1455
"PC1","rs2825326",21,19344445,1.109e-24,0.1566
"PC1","rs8137158",22,48313892,5.43e-22,0.1514
"PC1","rs5943477",23,28339202,2.059e-20,0.1488
"PC2","rs1877724",1,224079978,4.186e-10,0.07922
"PC2","rs4954599",2,136753856,3.843e-08,0.04733
"PC2","rs12637343",3,15364820,8.899e-09,0.07475
"PC2","rs2880416",4,156343993,2.889e-09,0.07699
"PC2","rs749169",5,77196814,1.948e-08,-0.08421
"PC2","rs1247359",6,161260672,6.576e-08,0.05388
"PC2","rs2241056",7,20145390,9.571e-09,0.08509
"PC2","rs7835212",8,16875423,7.825e-09,0.05262
"PC2","rs9299046",9,7380841,2.057e-07,0.0622
"PC2","rs1326644",10,24435153,1.146e-08,-0.04923
"PC2","rs3815045",11,61426522,3.297e-11,0.1047
"PC2","rs7308149",12,76214682,6.36e-09,0.06266
"PC2","rs4536348",13,80460925,8.309e-11,0.1229
"PC2","rs222670",14,23054683,1.356e-07,-0.0684
"PC2","rs11634005",15,68077814,2.403e-09,0.05111
"PC2","rs1543940",16,5539774,5.832e-08,0.0554
"PC2","rs2447095",17,2240170,7.597e-09,-0.05485
"PC2","rs4258695",18,29886646,5.57e-09,0.0993
"PC2","rs6073285",20,35151129,2.34e-07,0.07849
"PC2","rs8131179",21,42955270,2.568e-08,-0.04505
"PC2","rs5998067",22,30373630,1.745e-07,0.06994
"PC2","rs17339016",23,33089091,3.31e-09,0.1349
