"Analysis","SNP","Gene","ENTREZID"
"PC1","rs11247683","STX12","23673"
"PC1","rs16857866","LPIN1","23175"
"PC1","rs7355960","MFN1","55669"
"PC1","rs335339","ADGRL3","23284"
"PC1","rs291799","LIX1-AS1","101926893"
"PC1","rs9328202","FAM50B","26240"
"PC1","rs887809","EGFR","1956"
"PC1","rs2729990","DUSP26","78986"
"PC1","rs1024277","PRRC2B","84726"
"PC1","rs10788091","PLPP4","196051"
"PC1","rs10466604","MSANTD2","79684"
"PC1","rs7314936","LNCOG","105369848"
"PC1","rs11148886","DACH1","1602"
"PC1","rs10132191","MDGA2","161357"
"PC1","rs1841575","WDR72","256764"
"PC1","rs4122247","C16orf78","123970"
"PC1","rs16966913","LINC01483","101928122"
"PC1","rs1304551","DCC","1630"
"PC1","rs2965157","CEACAM19","56971"
"PC1","rs16984418","CDH4","1002"
"PC1","rs2825326","TMPRSS15","5651"
"PC1","rs8137158","MIR3667HG","348645"
"PC1","rs5943477","IL1RAPL1","11141"
"PC2","rs1877724","EPHX1","2052"
"PC2","rs4954599","CXCR4","7852"
"PC2","rs12637343","SH3BP5","9467"
"PC2","rs2880416","MAP9-AS1","102724776"
"PC2","rs749169","TBCA","6902"
"PC2","rs1247359","MAP3K4","4216"
"PC2","rs2241056","MACC1","346389"
"PC2","rs7835212","FGF20","26281"
"PC2","rs9299046","KDM4C","23081"
"PC2","rs1326644","KIAA1217","56243"
"PC2","rs3815045","RAB3IL1","5866"
"PC2","rs7308149","LINC02464","105369854"
"PC2","rs4536348","SPRY2","10253"
"PC2","rs222670","ZFHX2-AS1","109729160"
"PC2","rs11634005","TLE3","7090"
"PC2","rs1543940","RBFOX1","54715"
"PC2","rs2447095","MNT","4335"
"PC2","rs4258695","NOL4","8715"
"PC2","rs6073285","RBL1","5933"
"PC2","rs8131179","PDE9A","5152"
"PC2","rs5998067","PISD","23761"
"PC2","rs17339016","DMD","1756"
