"Analysis","SNP","Source_CHR","Source_BP","P","BETA","Source_assembly","Annotation_assembly","Annotation_CHR","Annotation_BP","Gene","Ensembl_gene_id","Transcript","Consequence","Impact","Gene_biotype","Mapping_type","Distance_to_gene_bp"
"PC1","rs11247683",1,27974294,1.565e-24,0.1143,"hg18","GRCh38","1",27775196,"STX12","ENSG00000117758","ENST00000373943","intron_variant","MODIFIER","protein_coding","VEP_consequence_gene",0
"PC1","rs16857866",2,11828169,1.098e-27,0.1475,"hg18","GRCh38","2",11770592,"LPIN1","ENSG00000134324","ENST00000674199","intron_variant","MODIFIER","protein_coding","VEP_consequence_gene",0
"PC1","rs7355960",3,180566740,3.833e-28,0.1372,"hg18","GRCh38","3",179366258,"MFN1","ENSG00000171109","ENST00000471841","intron_variant","MODIFIER","protein_coding","VEP_consequence_gene",0
"PC1","rs335339",4,62013467,5.785e-28,0.1614,"hg18","GRCh38","4",61465154,"ADGRL3","ENSG00000150471","ENST00000683033","intron_variant","MODIFIER","protein_coding","VEP_consequence_gene",0
"PC1","rs291799",5,96767581,5.556e-27,0.1781,"hg18","GRCh38","5",97406121,"LIX1-AS1","ENSG00000251513","ENST00000504578","intron_variant","MODIFIER","lncRNA","VEP_consequence_gene",0
"PC1","rs9328202",6,3832338,1.995e-22,0.1109,"hg18","GRCh38","6",3887105,"FAM50B","ENSG00000145945","ENST00000780356","intron_variant","MODIFIER","protein_coding","nearest_protein_coding_gene",35785
"PC1","rs887809",7,54990148,1.18e-18,0.1361,"hg18","GRCh38","7",54954961,"EGFR","ENSG00000146648","ENST00000795375","upstream_gene_variant","MODIFIER","protein_coding","nearest_protein_coding_gene",63859
"PC1","rs2729990",8,34100540,1.593e-18,0.1364,"hg18","GRCh38","8",34123480,"DUSP26","ENSG00000133878","","intergenic_variant","","protein_coding","nearest_protein_coding_gene",523304
"PC1","rs1024277",9,133236046,2.648e-16,0.106,"hg18","GRCh38","9",131370838,"PRRC2B","ENSG00000288701","ENST00000644453","upstream_gene_variant","MODIFIER","protein_coding","nearest_protein_coding_gene",2798
"PC1","rs10788091",10,122212305,3.584e-17,0.1213,"hg18","GRCh38","10",120462803,"PLPP4","ENSG00000203805","ENST00000398250","intron_variant","MODIFIER","protein_coding","VEP_consequence_gene",0
"PC1","rs10466604",11,124159136,1.425e-27,0.1064,"hg18","GRCh38","11",124784030,"MSANTD2","ENSG00000120458","ENST00000374979","intron_variant","MODIFIER","protein_coding","VEP_consequence_gene",0
"PC1","rs7314936",12,75192495,9.679e-18,0.1512,"hg18","GRCh38","12",76274584,"LNCOG","ENSG00000257219","ENST00000550380","intron_variant","MODIFIER","lncRNA","VEP_consequence_gene",0
"PC1","rs11148886",13,71178521,1.205e-20,0.08622,"hg18","GRCh38","13",71706388,"DACH1","ENSG00000276644","ENST00000613252","intron_variant","MODIFIER","protein_coding","VEP_consequence_gene",0
"PC1","rs10132191",14,47691249,1.96e-18,0.1459,"hg18","GRCh38","14",48152296,"MDGA2","ENSG00000139915","","intergenic_variant","","protein_coding","nearest_protein_coding_gene",476691
"PC1","rs1841575",15,51886958,8.707e-25,0.1497,"hg18","GRCh38","15",53807469,"WDR72","ENSG00000166415","","intergenic_variant","","protein_coding","nearest_protein_coding_gene",44591
"PC1","rs4122247",16,48033673,4.446e-22,0.1673,"hg18","GRCh38","16",49442261,"C16orf78","ENSG00000166152","ENST00000849660","intron_variant","MODIFIER","protein_coding","nearest_protein_coding_gene",42830
"PC1","rs16966913",17,65088075,2.58e-22,0.1621,"hg18","GRCh38","17",69580339,"LINC01483","ENSG00000227517","ENST00000778376","intron_variant","MODIFIER","lncRNA","VEP_consequence_gene",0
"PC1","rs1304551",18,48566472,1.208e-19,0.122,"hg18","GRCh38","18",52786104,"DCC","ENSG00000187323","ENST00000442544","intron_variant","MODIFIER","protein_coding","VEP_consequence_gene",0
"PC1","rs2965157",19,49868180,2.213e-16,0.1195,"hg18","GRCh38","19",44673068,"CEACAM19","ENSG00000186567","ENST00000358777","intron_variant","MODIFIER","protein_coding","VEP_consequence_gene",0
"PC1","rs16984418",20,58881162,5.352e-20,0.1455,"hg18","GRCh38","20",60872711,"CDH4","ENSG00000179242","","intergenic_variant","","protein_coding","nearest_protein_coding_gene",379497
"PC1","rs2825326",21,19344445,1.109e-24,0.1566,"hg18","GRCh38","21",19050255,"TMPRSS15","ENSG00000154646","ENST00000450653","upstream_gene_variant","MODIFIER","protein_coding","nearest_protein_coding_gene",564376
"PC1","rs8137158",22,48313892,5.43e-22,0.1514,"hg18","GRCh38","22",49534239,"MIR3667HG","ENSG00000188511","ENST00000414287","intron_variant","MODIFIER","lncRNA","VEP_consequence_gene",0
"PC1","rs5943477",23,28339202,2.059e-20,0.1488,"hg18","GRCh38","X",28411164,"IL1RAPL1","ENSG00000169306","ENST00000836716","intron_variant","MODIFIER","protein_coding","nearest_protein_coding_gene",175959
"PC2","rs1877724",1,224079978,4.186e-10,0.07922,"hg18","GRCh38","1",225825654,"EPHX1","ENSG00000143819","ENST00000272167","intron_variant","MODIFIER","protein_coding","VEP_consequence_gene",0
"PC2","rs4954599",2,136753856,3.843e-08,0.04733,"hg18","GRCh38","2",136279816,"CXCR4","ENSG00000121966","ENST00000837573","downstream_gene_variant","MODIFIER","protein_coding","nearest_protein_coding_gene",160639
"PC2","rs12637343",3,15364820,8.899e-09,0.07475,"hg18","GRCh38","3",15348309,"SH3BP5","ENSG00000131370","","intergenic_variant","","protein_coding","nearest_protein_coding_gene",6941
"PC2","rs2880416",4,156343993,2.889e-09,0.07699,"hg18","GRCh38","4",155203391,"MAP9-AS1","ENSG00000250910","ENST00000630664","intron_variant","MODIFIER","lncRNA","VEP_consequence_gene",0
"PC2","rs749169",5,77196814,1.948e-08,-0.08421,"hg18","GRCh38","5",77865234,"TBCA","ENSG00000171530","ENST00000736338","intron_variant","MODIFIER","protein_coding","nearest_protein_coding_gene",0
"PC2","rs1247359",6,161260672,6.576e-08,0.05388,"hg18","GRCh38","6",160919650,"MAP3K4","ENSG00000085511","ENST00000726659","intron_variant","MODIFIER","protein_coding","nearest_protein_coding_gene",71694
"PC2","rs2241056",7,20145390,9.571e-09,0.08509,"hg18","GRCh38","7",20139242,"MACC1","ENSG00000183742","ENST00000400331","3_prime_UTR_variant","MODIFIER","protein_coding","VEP_consequence_gene",0
"PC2","rs7835212",8,16875423,7.825e-09,0.05262,"hg18","GRCh38","8",16973543,"FGF20","ENSG00000078579","","intergenic_variant","","protein_coding","nearest_protein_coding_gene",18623
"PC2","rs9299046",9,7380841,2.057e-07,0.0622,"hg18","GRCh38","9",7390841,"KDM4C","ENSG00000107077","","intergenic_variant","","protein_coding","nearest_protein_coding_gene",215193
"PC2","rs1326644",10,24435153,1.146e-08,-0.04923,"hg18","GRCh38","10",24106218,"KIAA1217","ENSG00000120549","ENST00000376462","intron_variant","MODIFIER","protein_coding","VEP_consequence_gene",0
"PC2","rs3815045",11,61426522,3.297e-11,0.1047,"hg18","GRCh38","11",61902474,"RAB3IL1","ENSG00000167994","ENST00000394836","missense_variant","MODERATE","protein_coding","VEP_consequence_gene",0
"PC2","rs7308149",12,76214682,6.36e-09,0.06266,"hg18","GRCh38","12",77296771,"LINC02464","ENSG00000257677","ENST00000837066","intron_variant","MODIFIER","lncRNA","VEP_consequence_gene",0
"PC2","rs4536348",13,80460925,8.309e-11,0.1229,"hg18","GRCh38","13",80988789,"SPRY2","ENSG00000136158","ENST00000756377","intron_variant","MODIFIER","protein_coding","nearest_protein_coding_gene",645806
"PC2","rs222670",14,23054683,1.356e-07,-0.0684,"hg18","GRCh38","14",23515634,"ZFHX2-AS1","ENSG00000157306","ENST00000553985","intron_variant","MODIFIER","lncRNA","VEP_consequence_gene",0
"PC2","rs11634005",15,68077814,2.403e-09,0.05111,"hg18","GRCh38","15",69998421,"TLE3","ENSG00000140332","ENST00000745730","intron_variant","MODIFIER","protein_coding","nearest_protein_coding_gene",49353
"PC2","rs1543940",16,5539774,5.832e-08,0.0554,"hg18","GRCh38","16",5549772,"RBFOX1","ENSG00000078328","ENST00000585867","intron_variant","MODIFIER","protein_coding","VEP_consequence_gene",0
"PC2","rs2447095",17,2240170,7.597e-09,-0.05485,"hg18","GRCh38","17",2390126,"MNT","ENSG00000070444","ENST00000174618","intron_variant","MODIFIER","protein_coding","VEP_consequence_gene",0
"PC2","rs4258695",18,29886646,5.57e-09,0.0993,"hg18","GRCh38","18",34052684,"NOL4","ENSG00000101746","ENST00000261592","intron_variant","MODIFIER","protein_coding","VEP_consequence_gene",0
"PC2","rs6073285",20,35151129,2.34e-07,0.07849,"hg18","GRCh38","20",37089312,"RBL1","ENSG00000080839","ENST00000373664","intron_variant","MODIFIER","protein_coding","VEP_consequence_gene",0
"PC2","rs8131179",21,42955270,2.568e-08,-0.04505,"hg18","GRCh38","21",42662091,"PDE9A","ENSG00000160191","ENST00000291539","intron_variant","MODIFIER","protein_coding","VEP_consequence_gene",0
"PC2","rs5998067",22,30373630,1.745e-07,0.06994,"hg18","GRCh38","22",31647644,"PISD","ENSG00000241878","ENST00000439502","intron_variant","MODIFIER","protein_coding","VEP_consequence_gene",0
"PC2","rs17339016",23,33089091,3.31e-09,0.1349,"hg18","GRCh38","X",33161053,"DMD","ENSG00000198947","ENST00000357033","intron_variant","MODIFIER","protein_coding","VEP_consequence_gene",0
